radius_kpc,kappa_tsm,kappa_clowe,gamma_tsm,gamma_clowe
50,0.12,0.12,0.10000000000000002,0.1
100,0.09986876634765883,0.09,0.07876313080976086,0.1
200,0.06688444820557843,0.07,0.046772121932595265,0.08
300,0.048280787926033485,0.05,0.03061759216760413,0.06
500,0.030338483821792144,0.02,0.01673618296186501,0.03
