RA,Dec,z_obs,UTS_dist_Mpc
197.873,-1.341,0.183,0.22763192207836058
104.625,-55.944,0.296,0.36819152423603674
15.732,-49.256,0.87,1.0821845475856484
